filename,condition,model,locality,ground_truth,transcript,wer,cer,entity_correct,entity_score,latency
002_thalagattapura_quiet.wav,quiet,whisper_base,Indiranagar,Thalagattapura side bhi jobs check kar raha hu,talgata pura side bhi ajobs checker rangu,0.875,0.261,False,50.0,1.69
002_thalagattapura_quiet.wav,quiet,whisper_tiny,Indiranagar,Thalagattapura side bhi jobs check kar raha hu,Talaghotu Padta SA bassh那樣,1.0,0.696,False,37.5,2.93
002_thalagattapura_quiet.wav,quiet,whisper_small,Indiranagar,Thalagattapura side bhi jobs check kar raha hu,तलगत पूरा साइड भी जोब शेक्ष रहा हो,1.0,0.87,False,0.0,3.68
002_thalagattapura_quiet.wav,quiet,deepgram,Indiranagar,Thalagattapura side bhi jobs check kar raha hu,तलगटा पूरा side भी job check कर रहा हूं.,0.875,0.63,False,18.181818181818176,5.71
002_thalagattapura_quiet.wav,quiet,google_stt,Indiranagar,Thalagattapura side bhi jobs check kar raha hu,तलाघट्टापुरा साइड बियर जॉब चेक कर रहा हूं।,1.0,0.913,False,0.0,1.71
003_jayanagar_quite.wav,quite,whisper_base,Jayanagar,Hello maam mein Jayanagar side available hu abhi,엔 вамсемلا camera,1.0,0.896,False,28.57142857142857,6.02
003_jayanagar_quite.wav,quite,whisper_tiny,Jayanagar,Hello maam mein Jayanagar side available hu abhi,ские,1.0,1.0,False,0.0,3.5
003_jayanagar_quite.wav,quite,whisper_small,Jayanagar,Hello maam mein Jayanagar side available hu abhi,"अब आँ, बज़ानाकर के साईईद आबलेबिल हूँ आभी",1.0,0.917,False,0.0,16.98
003_jayanagar_quite.wav,quite,deepgram,Jayanagar,Hello maam mein Jayanagar side available hu abhi,Hello ma'am मैं जय नगर के side available हूं अभी.,0.875,0.438,False,33.333333333333336,5.25
003_jayanagar_quite.wav,quite,google_stt,Jayanagar,Hello maam mein Jayanagar side available hu abhi,हेलो मैम मैं जयनगर के साइड अवेलेबल हूं अभी।,1.125,0.875,False,0.0,1.52
004_majestic_noise.wav,noise,whisper_base,Majestic,Bhaiyya Majestic jana hai kitna loge,"Bhaya, Majestic, Jhana hai ki tna loge",0.833,0.167,True,100.0,1.25
004_majestic_noise.wav,noise,whisper_tiny,Majestic,Bhaiyya Majestic jana hai kitna loge,oking伐 k scan,1.0,0.833,False,33.333333333333336,2.88
004_majestic_noise.wav,noise,whisper_small,Majestic,Bhaiyya Majestic jana hai kitna loge,बआया मैजेस्टिक जाना है कितना लोगे,1.0,0.889,False,0.0,3.4
004_majestic_noise.wav,noise,deepgram,Majestic,Bhaiyya Majestic jana hai kitna loge,"भैया मजेstic जाना है, कितना लोग हैं?",1.167,0.861,False,50.0,3.09
004_majestic_noise.wav,noise,google_stt,Majestic,Bhaiyya Majestic jana hai kitna loge,भैया मैजेस्टिक जाना है कितना लोगे?,1.0,0.917,False,0.0,1.03
005_thanisandra_noise.wav,noise,whisper_base,Thanisandra,Thanisandra main shift hone ka plan hai,Tani Sandhra me Shripthone ka plan hai,0.571,0.231,True,81.81818181818181,0.93
005_thanisandra_noise.wav,noise,whisper_tiny,Thanisandra,Thanisandra main shift hone ka plan hai,bli Sundrametros upto<|lv|>,1.0,0.744,False,57.14285714285714,2.69
005_thanisandra_noise.wav,noise,whisper_small,Thanisandra,Thanisandra main shift hone ka plan hai,तनी संद्रा में शिप्थ होने का प्लान है,1.143,0.872,False,0.0,3.4
005_thanisandra_noise.wav,noise,deepgram,Thanisandra,Thanisandra main shift hone ka plan hai,तनी संतरा में shift होने का plan है.,0.857,0.615,False,23.529411764705888,3.2
005_thanisandra_noise.wav,noise,google_stt,Thanisandra,Thanisandra main shift hone ka plan hai,तनी संतरा में शिफ्ट होने का प्लान है।,1.143,0.872,False,0.0,1.25
006_kengeri_noise.wav,noise,whisper_base,Kengeri,Kengeri se travelling thoda long padta hai na,", Kengiri sayェ traveling  h ... Yur 😘",1.0,0.578,True,85.71428571428572,5.44
006_kengeri_noise.wav,noise,whisper_tiny,Kengeri,Kengeri se travelling thoda long padta hai na,Cangeary say traveling!,1.0,0.689,False,57.14285714285714,2.81
006_kengeri_noise.wav,noise,whisper_small,Kengeri,Kengeri se travelling thoda long padta hai na,खेंगेरी से त्रावलिं थोडा लोंग पड़ता है ना,1.0,0.844,False,0.0,3.93
006_kengeri_noise.wav,noise,deepgram,Kengeri,Kengeri se travelling thoda long padta hai na,केंगेरी से travelling थोड़ा long पड़ता है ना?,0.75,0.556,False,42.85714285714286,1.98
006_kengeri_noise.wav,noise,google_stt,Kengeri,Kengeri se travelling thoda long padta hai na,केंगेरी से ट्रैवलिंग और थोड़ा लॉन्ग पड़ता है ना?,1.125,0.933,False,0.0,1.4
007_rajarajeshwarinagar_quite.wav, quite,whisper_base,Rajarajeshwari_nagar,Me pehle Rajarajeshwari nagar me rehti thi abhi vaha nahi hu,पाले नजर जववरी नगर मेरे ती ती ती वपा वाने है।,1.0,0.867,False,8.333333333333337,1.67
007_rajarajeshwarinagar_quite.wav, quite,whisper_tiny,Rajarajeshwari_nagar,Me pehle Rajarajeshwari nagar me rehti thi abhi vaha nahi hu,Now I will not let you around sooner or later than while preparing uncle rotten at how little time of your hand,2.0,1.4,False,40.0,5.85
007_rajarajeshwarinagar_quite.wav, quite,whisper_small,Rajarajeshwari_nagar,Me pehle Rajarajeshwari nagar me rehti thi abhi vaha nahi hu,अब में पहले राजर आजर्श्वरी नगर में रेती दी अब आभी वहा नहीं हूँ,1.273,0.95,False,8.695652173913048,4.99
007_rajarajeshwarinagar_quite.wav, quite,deepgram,Rajarajeshwari_nagar,Me pehle Rajarajeshwari nagar me rehti thi abhi vaha nahi hu,"मैं पहले राजा राजेश्वरी नगर में रहती थी, अभी वहां नहीं हूं.",1.091,0.9,False,8.333333333333337,4.32
007_rajarajeshwarinagar_quite.wav, quite,google_stt,Rajarajeshwari_nagar,Me pehle Rajarajeshwari nagar me rehti thi abhi vaha nahi hu,मैं पहले राजराजेश्वरी नगर में रहती थी। अब अभी वहां नहीं हो।,1.091,0.9,False,8.333333333333337,1.73
008_banashankari_quite.wav,quite,whisper_base,Banashankari,Banashankari se metro paladke ata hu,Banshankri Saip Metro Pakad,0.833,0.417,True,90.9090909090909,1.08
008_banashankari_quite.wav,quite,whisper_tiny,Banashankari,Banashankari se metro paladke ata hu,21.5 mm.,1.0,0.944,False,0.0,2.69
008_banashankari_quite.wav,quite,whisper_small,Banashankari,Banashankari se metro paladke ata hu,बनशंक्री से मेट्रो पकड़के आता हो,1.0,0.889,False,0.0,3.29
008_banashankari_quite.wav,quite,deepgram,Banashankari,Banashankari se metro paladke ata hu,वनशंकरी से मेट्रो पकड़ के आता हूं.,1.167,0.944,False,0.0,4.81
008_banashankari_quite.wav,quite,google_stt,Banashankari,Banashankari se metro paladke ata hu,बनशंकरी से मेट्रो पकड़ के आता हूं।,1.167,0.944,False,0.0,1.21
009_peenya_quite.wav,quite,whisper_base,Peenya,Peenya Industrial area me kaam mil sakta hai shayad,Piniya Industrial Area Mahtakaya Saj,0.778,0.431,False,66.66666666666667,9.64
009_peenya_quite.wav,quite,whisper_tiny,Peenya,Peenya Industrial area me kaam mil sakta hai shayad,P roller-Karmils Humanya,1.0,0.706,False,66.66666666666667,2.7
009_peenya_quite.wav,quite,whisper_small,Peenya,Peenya Industrial area me kaam mil sakta hai shayad,पीन्या अड़़़र्या में काम मिल सकता है शाएद,1.0,0.863,False,0.0,3.8
009_peenya_quite.wav,quite,deepgram,Peenya,Peenya Industrial area me kaam mil sakta hai shayad,पिन्या industrial area में काम मिल सकता है शायद.,0.778,0.588,False,33.333333333333336,2.9
009_peenya_quite.wav,quite,google_stt,Peenya,Peenya Industrial area me kaam mil sakta hai shayad,पीण्य इंडस्ट्रियल एरिया में काम मिल सकता है शायद!,1.0,0.902,False,0.0,1.41
010_kr_puram_traffic.wav,traffic,whisper_base,KR_Puram,KR puram ke paas rooms dekh raha hu abhi,Tiapuram Beautiful Wand,1.0,0.75,False,62.5,5.42
010_kr_puram_traffic.wav,traffic,whisper_tiny,KR_Puram,KR puram ke paas rooms dekh raha hu abhi,kya auram kappas blooming dev granya v.,1.0,0.575,False,62.5,2.9
010_kr_puram_traffic.wav,traffic,whisper_small,KR_Puram,KR puram ke paas rooms dekh raha hu abhi,ताए पुरम के पास भूंँ देखरा हो अब्रीज,1.0,0.875,False,16.666666666666664,3.79
010_kr_puram_traffic.wav,traffic,deepgram,KR_Puram,KR puram ke paas rooms dekh raha hu abhi,क्या खुर्रम के पास room देख रहा हूँ अभी.,1.0,0.8,False,37.5,5.33
010_kr_puram_traffic.wav,traffic,google_stt,KR_Puram,KR puram ke paas rooms dekh raha hu abhi,क्या पुरम के पास रूम देख रहा हूं अभी?,1.0,0.875,False,15.384615384615385,1.21
011_bommanahalli_traffic.wav,traffic,whisper_base,Bommanahalli,Bommanahalli ke paas ek company me apply kiya hai,Bomanahali ke paas ik company me apply kia hai,0.333,0.082,True,90.9090909090909,1.21
011_bommanahalli_traffic.wav,traffic,whisper_tiny,Bommanahalli,Bommanahalli ke paas ek company me apply kiya hai,Boy Manahu USA Neet kä Drink learnt Averse charged者 Lekryama,1.111,0.837,False,66.66666666666667,3.13
011_bommanahalli_traffic.wav,traffic,whisper_small,Bommanahalli,Bommanahalli ke paas ek company me apply kiya hai,बोम्मनाहर्ली के पास एक कमपनी में अपलाई किया है,1.0,0.857,False,0.0,3.94
011_bommanahalli_traffic.wav,traffic,deepgram,Bommanahalli,Bommanahalli ke paas ek company me apply kiya hai,बोमनहरली के पास एक company में apply किया है.,0.778,0.612,False,41.666666666666664,4.34
011_bommanahalli_traffic.wav,traffic,google_stt,Bommanahalli,Bommanahalli ke paas ek company me apply kiya hai,बम्मनाहली के पास एक कंपनी में अप्लाई किया है।,1.0,0.878,False,0.0,1.36
012_rajajinagar_traffic.wav,traffic,whisper_base,Rajaji_Nagar,Haa Rajajinajar se aa raha hu thoda late hoga,raaja jhanagar saar nghtra lhey étho bubbling kaasti puny,1.0,0.8,True,75.0,12.34
012_rajajinagar_traffic.wav,traffic,whisper_tiny,Rajaji_Nagar,Haa Rajajinajar se aa raha hu thoda late hoga,"Araja Jには Ghisha 알aja Rajana Gar 않u, whooor da lead ho ga ding!",1.444,0.867,True,75.0,3.13
012_rajajinagar_traffic.wav,traffic,whisper_small,Rajaji_Nagar,Haa Rajajinajar se aa raha hu thoda late hoga,राजा जी नगर से आरा हु तोड़ लेट होगा,1.0,0.867,False,11.764705882352944,3.64
012_rajajinagar_traffic.wav,traffic,deepgram,Rajaji_Nagar,Haa Rajajinajar se aa raha hu thoda late hoga,हाँ राजा जी नगर से आ रहा हूं थोड़ा लेट होगा,1.222,0.844,False,12.5,5.81
012_rajajinagar_traffic.wav,traffic,google_stt,Rajaji_Nagar,Haa Rajajinajar se aa raha hu thoda late hoga,"हां, राजाजीनगर से आ रहा हूं। थोड़ा लेट होगा।",1.0,0.911,False,11.764705882352944,1.39
013_whitefield_noise.wav,noise,whisper_base,Whitefield,Daily Whitefield tak travell karna mushkil ho raha hai,Delhi社 generation,1.0,0.815,False,40.0,6.53
013_whitefield_noise.wav,noise,whisper_tiny,Whitefield,Daily Whitefield tak travell karna mushkil ho raha hai,Diali White Fillutheq travel sphere is getting popular,1.0,0.63,True,80.0,2.98
013_whitefield_noise.wav,noise,whisper_small,Whitefield,Daily Whitefield tak travell karna mushkil ho raha hai,देली वाईट्विल तब प्रावेल करना मुश्किल रहा है,1.0,0.87,False,0.0,4.13
013_whitefield_noise.wav,noise,deepgram,Whitefield,Daily Whitefield tak travell karna mushkil ho raha hai,Daily व्हाइट field तक travel करना मुश्किल हो रहा है.,1.0,0.593,False,50.0,6.65
013_whitefield_noise.wav,noise,google_stt,Whitefield,Daily Whitefield tak travell karna mushkil ho raha hai,दिल्ली व्हाइटफील्ड तक ट्रेवल करना मुश्किल हो रहा है।,1.0,0.889,False,0.0,1.4
014_koramangala_noise.wav,noise,whisper_base,Koramangala,Meri interview koramangala mai hai jaldi jaana padega,"My Interview is in Kormangla, Jaldi Jhanapadha",0.75,0.415,True,81.81818181818181,1.27
014_koramangala_noise.wav,noise,whisper_tiny,Koramangala,Meri interview koramangala mai hai jaldi jaana padega,My interview is just right.,0.875,0.698,False,25.0,2.55
014_koramangala_noise.wav,noise,whisper_small,Koramangala,Meri interview koramangala mai hai jaldi jaana padega,"मेरी अंटव्यू कोर मंगला में है, जल्दी जाना बडगेगा",1.125,0.868,False,0.0,4.16
014_koramangala_noise.wav,noise,deepgram,Koramangala,Meri interview koramangala mai hai jaldi jaana padega,"मेरी interview कोरमंगला में है, जल्दी जाना पड़ेगा.",0.875,0.717,False,11.111111111111116,2.99
014_koramangala_noise.wav,noise,google_stt,Koramangala,Meri interview koramangala mai hai jaldi jaana padega,"मेरी इंटरव्यू कोरमंगला में है, जल्दी जाना पड़ेगा।",1.0,0.887,False,0.0,1.11
015_electronic_city_quite.wav,quite,whisper_base,Electronic_city,Electronic city mei kaan karta hu mai,Electric City,0.857,0.649,True,84.61538461538461,4.89
015_electronic_city_quite.wav,quite,whisper_tiny,Electronic_city,Electronic city mei kaan karta hu mai,electron exhibit dc łąvi 하겠습니다,1.0,0.676,True,75.0,2.62
015_electronic_city_quite.wav,quite,whisper_small,Electronic_city,Electronic city mei kaan karta hu mai,अलेक्ट्रूनिक सिटी में काम करता हू मैं,1.0,0.892,False,10.526315789473683,3.5
015_electronic_city_quite.wav,quite,deepgram,Electronic_city,Electronic city mei kaan karta hu mai,Electronics city में काम करता हूं मैं.,0.857,0.541,True,93.33333333333333,5.63
015_electronic_city_quite.wav,quite,google_stt,Electronic_city,Electronic city mei kaan karta hu mai,इलेक्ट्रॉनिक सिटी में काम करता हूं मैं।,1.0,0.946,False,9.999999999999998,1.18
016_btm_layout_quite.wav,quite,whisper_base,BTM_Layout,BTM layout mai dost ke sath stay kar raha hu,BTM layout me dos ke sath te kar raho,0.5,0.227,True,100.0,1.04
016_btm_layout_quite.wav,quite,whisper_tiny,BTM_Layout,BTM layout mai dost ke sath stay kar raha hu,Litium Layout from my friends,0.9,0.727,True,80.0,2.9
016_btm_layout_quite.wav,quite,whisper_small,BTM_Layout,BTM layout mai dost ke sath stay kar raha hu,बीटेम लेयाुट में दोस के साथ टेग कर रहों,1.0,0.864,False,13.33333333333333,3.78
016_btm_layout_quite.wav,quite,deepgram,BTM_Layout,BTM layout mai dost ke sath stay kar raha hu,Medium layout में दोस्त के साथ stay कर रहा हूं.,0.8,0.682,True,80.0,3.35
016_btm_layout_quite.wav,quite,google_stt,BTM_Layout,BTM layout mai dost ke sath stay kar raha hu,बीटीएम लेआउट में दोस्त के साथ स्टे कर रहा हूं।,1.0,0.932,False,13.33333333333333,1.32
017_marathahalli_noise.wav,noise,whisper_base,Marathahalli,Haa Bhaiyya thodi dher mai aajaungi abhi Marathahalli me hu,ha bhaiya tori dehr mein ajavun ki abhi martalli mein ho,1.0,0.322,False,66.66666666666667,1.13
017_marathahalli_noise.wav,noise,whisper_tiny,Marathahalli,Haa Bhaiyya thodi dher mai aajaungi abhi Marathahalli me hu,걱erton chana vramam,1.0,0.797,False,41.666666666666664,3.08
017_marathahalli_noise.wav,noise,whisper_small,Marathahalli,Haa Bhaiyya thodi dher mai aajaungi abhi Marathahalli me hu,अब भाईा तोडी देर में आजावूंगी अभी मरतली में हो,1.0,0.864,False,0.0,4.09
017_marathahalli_noise.wav,noise,deepgram,Marathahalli,Haa Bhaiyya thodi dher mai aajaungi abhi Marathahalli me hu,"हाँ भैया थोड़ी देर में आ जाऊंगी, अभी मरथली में हूं.",1.1,0.881,False,0.0,8.0
017_marathahalli_noise.wav,noise,google_stt,Marathahalli,Haa Bhaiyya thodi dher mai aajaungi abhi Marathahalli me hu,हां भैया थोड़ी देर में आ जाऊंगी। अभी मारथली में हूं।,1.1,0.881,False,0.0,1.31
018_yalahanka_quite.wav,quite,whisper_base,Yalahanka,Airport ke liye apko yalaha nka se jaan padega,อ pouvoir Pull Up my Red 2018,1.0,0.783,False,11.111111111111116,5.56
018_yalahanka_quite.wav,quite,whisper_tiny,Yalahanka,Airport ke liye apko yalaha nka se jaan padega,airport ni adha kona,0.889,0.63,False,55.55555555555556,2.96
018_yalahanka_quite.wav,quite,whisper_small,Yalahanka,Airport ke liye apko yalaha nka se jaan padega,एर बोटके लिया आपको यलाँका से जाना पडगगा,1.0,0.87,False,0.0,3.88
018_yalahanka_quite.wav,quite,deepgram,Yalahanka,Airport ke liye apko yalaha nka se jaan padega,Airport के लिए आपको यलांका से जाना पड़ेगा.,0.889,0.717,False,19.999999999999996,6.06
018_yalahanka_quite.wav,quite,google_stt,Yalahanka,Airport ke liye apko yalaha nka se jaan padega,एयरपोर्ट के लिए आपको यह लंका से जाना पड़ेगा।,1.0,0.891,False,0.0,1.12
019_Sarjapur_road_noise.wav,noise,whisper_base,Sarjapur_road,Sarjapur road ke idhar rehta hu mai,Sarjapur Road ke idar raita hume,0.571,0.171,True,100.0,1.15
019_Sarjapur_road_noise.wav,noise,whisper_tiny,Sarjapur_road,Sarjapur road ke idhar rehta hu mai,"Sir Lee G chaarca , Geek Peal",1.0,0.771,False,35.29411764705882,2.67
019_Sarjapur_road_noise.wav,noise,whisper_small,Sarjapur_road,Sarjapur road ke idhar rehta hu mai,सर्जापूर रोड के इड़र रहता हू मैं,1.0,0.829,False,11.764705882352944,3.55
019_Sarjapur_road_noise.wav,noise,deepgram,Sarjapur_road,Sarjapur road ke idhar rehta hu mai,सरजापुर road के इधर रहता हूं मैं.,0.857,0.771,False,40.0,4.04
019_Sarjapur_road_noise.wav,noise,google_stt,Sarjapur_road,Sarjapur road ke idhar rehta hu mai,सरजापुर रोड के इधर रहता हूं मैं।,1.0,0.886,False,11.111111111111116,1.31
020_silk_board_traffic.wav,traffic,whisper_base,Silk_board,Silk board ke paas bahut traffic tha aaj,Silk Borgasd ay adh vivan,0.875,0.625,True,88.88888888888889,8.55
020_silk_board_traffic.wav,traffic,whisper_tiny,Silk_board,Silk board ke paas bahut traffic tha aaj,Seel B,1.0,0.9,False,66.66666666666667,7.25
020_silk_board_traffic.wav,traffic,whisper_small,Silk_board,Silk board ke paas bahut traffic tha aaj,सिल्कबूर के साएड बहुत टाएग ताज,1.0,0.875,False,14.28571428571429,5.25
020_silk_board_traffic.wav,traffic,deepgram,Silk_board,Silk board ke paas bahut traffic tha aaj,Silk board के side बहुत traffic था आज.,0.625,0.425,True,100.0,2.49
020_silk_board_traffic.wav,traffic,google_stt,Silk_board,Silk board ke paas bahut traffic tha aaj,सिल्क बोर्ड के साइड बहुत ट्राफिक था आज!,1.0,0.85,False,14.28571428571429,1.28
021_hebbal_traffic.wav,traffic,whisper_base,Hebbal,Hebbal ke paas hi mera ghar hai,Thibbal ke paski meera ghar hai,0.571,0.194,True,83.33333333333334,1.39
021_hebbal_traffic.wav,traffic,whisper_tiny,Hebbal,Hebbal ke paas hi mera ghar hai,攝 persecution,1.0,0.871,False,19.999999999999996,3.21
021_hebbal_traffic.wav,traffic,whisper_small,Hebbal,Hebbal ke paas hi mera ghar hai,रहाँ बाल के पास ही मेरा गर है,1.143,0.871,False,0.0,4.35
021_hebbal_traffic.wav,traffic,deepgram,Hebbal,Hebbal ke paas hi mera ghar hai,हेबल के पास ही मेरा घर है.,1.0,0.806,False,0.0,2.74
021_hebbal_traffic.wav,traffic,google_stt,Hebbal,Hebbal ke paas hi mera ghar hai,बाल के पास ही मेरा घर है।,1.0,0.806,False,0.0,1.3
022_indiranagar_quite.wav,quite,whisper_base,Indiranagar,meri ek friend Indiranagar me rehti hai,Miller's Friend Indirana Kapofow,0.857,0.564,True,81.81818181818181,6.6
022_indiranagar_quite.wav,quite,whisper_tiny,Indiranagar,meri ek friend Indiranagar me rehti hai,medi ek friend Indira Nagar Mereataya,0.714,0.205,True,90.9090909090909,3.61
022_indiranagar_quite.wav,quite,whisper_small,Indiranagar,meri ek friend Indiranagar me rehti hai,मेरी एक फ्रेंड अदिरान अगर मेर एती है,1.143,0.872,False,0.0,4.79
022_indiranagar_quite.wav,quite,deepgram,Indiranagar,meri ek friend Indiranagar me rehti hai,मेरी एक friend इंदिरा नगर में रहती है.,1.0,0.718,False,27.27272727272727,3.28
022_indiranagar_quite.wav,quite,google_stt,Indiranagar,meri ek friend Indiranagar me rehti hai,मेरी एक फ्रेंड इंदिरा नगर में रहती है।,1.143,0.872,False,0.0,1.09
